LAB_ID,element,value_raw,value_numeric,units,technique,source_url,feature_index,scrape_status
D379430,Copper,30,30.0,parts per million by weight,AES_AZ_P,https://mrdata.usgs.gov/ngdb/sediment/show-ngdbsed.php?lab_id=D379430,0,ok
D379430,Zinc,57,57.0,parts per million by weight,AES_AZ_P,https://mrdata.usgs.gov/ngdb/sediment/show-ngdbsed.php?lab_id=D379430,0,ok
D379430,Arsenic,3.2,3.2,parts per million by weight,AES_AZ_P,https://mrdata.usgs.gov/ngdb/sediment/show-ngdbsed.php?lab_id=D379430,0,ok
D379430,Molybdenum,0.46,0.46,parts per million by weight,AES_AZ_P,https://mrdata.usgs.gov/ngdb/sediment/show-ngdbsed.php?lab_id=D379430,0,ok
D379430,Silver,0.11,0.11,parts per million by weight,AES_AZ_P,https://mrdata.usgs.gov/ngdb/sediment/show-ngdbsed.php?lab_id=D379430,0,ok
D379430,Cadmium,0.14,0.14,parts per million by weight,AES_AZ_P,https://mrdata.usgs.gov/ngdb/sediment/show-ngdbsed.php?lab_id=D379430,0,ok
D379430,Antimony,N1,1.0,parts per million by weight,AES_AZ_P,https://mrdata.usgs.gov/ngdb/sediment/show-ngdbsed.php?lab_id=D379430,0,ok
D379430,Tellurium,N0.05,0.05,parts per million by weight,AA_GF_HBr,https://mrdata.usgs.gov/ngdb/sediment/show-ngdbsed.php?lab_id=D379430,0,ok
D379430,Gold,N0.002,0.002,parts per million by weight,AA_GF_HBr,https://mrdata.usgs.gov/ngdb/sediment/show-ngdbsed.php?lab_id=D379430,0,ok
D379430,Gold,N0.15,0.15,parts per million by weight,AES_AZ_P,https://mrdata.usgs.gov/ngdb/sediment/show-ngdbsed.php?lab_id=D379430,0,ok
D379430,Lead,12,12.0,parts per million by weight,AES_AZ_P,https://mrdata.usgs.gov/ngdb/sediment/show-ngdbsed.php?lab_id=D379430,0,ok
D379430,Bismuth,N1,1.0,parts per million by weight,AES_AZ_P,https://mrdata.usgs.gov/ngdb/sediment/show-ngdbsed.php?lab_id=D379430,0,ok
D379430,Copper,30,30.0,parts per million by weight,AES_AZ_P,https://mrdata.usgs.gov/ngdb/sediment/show-ngdbsed.php?lab_id=D379430#b,0,ok
D379430,Zinc,57,57.0,parts per million by weight,AES_AZ_P,https://mrdata.usgs.gov/ngdb/sediment/show-ngdbsed.php?lab_id=D379430#b,0,ok
D379430,Arsenic,3.2,3.2,parts per million by weight,AES_AZ_P,https://mrdata.usgs.gov/ngdb/sediment/show-ngdbsed.php?lab_id=D379430#b,0,ok
D379430,Molybdenum,0.46,0.46,parts per million by weight,AES_AZ_P,https://mrdata.usgs.gov/ngdb/sediment/show-ngdbsed.php?lab_id=D379430#b,0,ok
D379430,Silver,0.11,0.11,parts per million by weight,AES_AZ_P,https://mrdata.usgs.gov/ngdb/sediment/show-ngdbsed.php?lab_id=D379430#b,0,ok
D379430,Cadmium,0.14,0.14,parts per million by weight,AES_AZ_P,https://mrdata.usgs.gov/ngdb/sediment/show-ngdbsed.php?lab_id=D379430#b,0,ok
D379430,Antimony,N1,1.0,parts per million by weight,AES_AZ_P,https://mrdata.usgs.gov/ngdb/sediment/show-ngdbsed.php?lab_id=D379430#b,0,ok
D379430,Tellurium,N0.05,0.05,parts per million by weight,AA_GF_HBr,https://mrdata.usgs.gov/ngdb/sediment/show-ngdbsed.php?lab_id=D379430#b,0,ok
D379430,Gold,N0.002,0.002,parts per million by weight,AA_GF_HBr,https://mrdata.usgs.gov/ngdb/sediment/show-ngdbsed.php?lab_id=D379430#b,0,ok
D379430,Gold,N0.15,0.15,parts per million by weight,AES_AZ_P,https://mrdata.usgs.gov/ngdb/sediment/show-ngdbsed.php?lab_id=D379430#b,0,ok
D379430,Lead,12,12.0,parts per million by weight,AES_AZ_P,https://mrdata.usgs.gov/ngdb/sediment/show-ngdbsed.php?lab_id=D379430#b,0,ok
D379430,Bismuth,N1,1.0,parts per million by weight,AES_AZ_P,https://mrdata.usgs.gov/ngdb/sediment/show-ngdbsed.php?lab_id=D379430#b,0,ok
D379430,Copper,30,30.0,parts per million by weight,AES_AZ_P,https://mrdata.usgs.gov/ngdb/sediment/show-ngdbsed.php?lab_id=D379430#c,0,ok
D379430,Zinc,57,57.0,parts per million by weight,AES_AZ_P,https://mrdata.usgs.gov/ngdb/sediment/show-ngdbsed.php?lab_id=D379430#c,0,ok
D379430,Arsenic,3.2,3.2,parts per million by weight,AES_AZ_P,https://mrdata.usgs.gov/ngdb/sediment/show-ngdbsed.php?lab_id=D379430#c,0,ok
D379430,Molybdenum,0.46,0.46,parts per million by weight,AES_AZ_P,https://mrdata.usgs.gov/ngdb/sediment/show-ngdbsed.php?lab_id=D379430#c,0,ok
D379430,Silver,0.11,0.11,parts per million by weight,AES_AZ_P,https://mrdata.usgs.gov/ngdb/sediment/show-ngdbsed.php?lab_id=D379430#c,0,ok
D379430,Cadmium,0.14,0.14,parts per million by weight,AES_AZ_P,https://mrdata.usgs.gov/ngdb/sediment/show-ngdbsed.php?lab_id=D379430#c,0,ok
D379430,Antimony,N1,1.0,parts per million by weight,AES_AZ_P,https://mrdata.usgs.gov/ngdb/sediment/show-ngdbsed.php?lab_id=D379430#c,0,ok
D379430,Tellurium,N0.05,0.05,parts per million by weight,AA_GF_HBr,https://mrdata.usgs.gov/ngdb/sediment/show-ngdbsed.php?lab_id=D379430#c,0,ok
D379430,Gold,N0.002,0.002,parts per million by weight,AA_GF_HBr,https://mrdata.usgs.gov/ngdb/sediment/show-ngdbsed.php?lab_id=D379430#c,0,ok
D379430,Gold,N0.15,0.15,parts per million by weight,AES_AZ_P,https://mrdata.usgs.gov/ngdb/sediment/show-ngdbsed.php?lab_id=D379430#c,0,ok
D379430,Lead,12,12.0,parts per million by weight,AES_AZ_P,https://mrdata.usgs.gov/ngdb/sediment/show-ngdbsed.php?lab_id=D379430#c,0,ok
D379430,Bismuth,N1,1.0,parts per million by weight,AES_AZ_P,https://mrdata.usgs.gov/ngdb/sediment/show-ngdbsed.php?lab_id=D379430#c,0,ok
D379431,Copper,22,22.0,parts per million by weight,AES_AZ_P,https://mrdata.usgs.gov/ngdb/sediment/show-ngdbsed.php?lab_id=D379431,1,ok
D379431,Zinc,32,32.0,parts per million by weight,AES_AZ_P,https://mrdata.usgs.gov/ngdb/sediment/show-ngdbsed.php?lab_id=D379431,1,ok
D379431,Arsenic,1.7,1.7,parts per million by weight,AES_AZ_P,https://mrdata.usgs.gov/ngdb/sediment/show-ngdbsed.php?lab_id=D379431,1,ok
D379431,Molybdenum,0.76,0.76,parts per million by weight,AES_AZ_P,https://mrdata.usgs.gov/ngdb/sediment/show-ngdbsed.php?lab_id=D379431,1,ok
D379431,Silver,N0.1,0.1,parts per million by weight,AES_AZ_P,https://mrdata.usgs.gov/ngdb/sediment/show-ngdbsed.php?lab_id=D379431,1,ok
D379431,Cadmium,0.18,0.18,parts per million by weight,AES_AZ_P,https://mrdata.usgs.gov/ngdb/sediment/show-ngdbsed.php?lab_id=D379431,1,ok
D379431,Antimony,N1,1.0,parts per million by weight,AES_AZ_P,https://mrdata.usgs.gov/ngdb/sediment/show-ngdbsed.php?lab_id=D379431,1,ok
D379431,Tellurium,0.05,0.05,parts per million by weight,AA_GF_HBr,https://mrdata.usgs.gov/ngdb/sediment/show-ngdbsed.php?lab_id=D379431,1,ok
D379431,Gold,N0.002,0.002,parts per million by weight,AA_GF_HBr,https://mrdata.usgs.gov/ngdb/sediment/show-ngdbsed.php?lab_id=D379431,1,ok
D379431,Gold,N0.15,0.15,parts per million by weight,AES_AZ_P,https://mrdata.usgs.gov/ngdb/sediment/show-ngdbsed.php?lab_id=D379431,1,ok
D379431,Lead,22,22.0,parts per million by weight,AES_AZ_P,https://mrdata.usgs.gov/ngdb/sediment/show-ngdbsed.php?lab_id=D379431,1,ok
D379431,Bismuth,N1,1.0,parts per million by weight,AES_AZ_P,https://mrdata.usgs.gov/ngdb/sediment/show-ngdbsed.php?lab_id=D379431,1,ok
D379431,Copper,22,22.0,parts per million by weight,AES_AZ_P,https://mrdata.usgs.gov/ngdb/sediment/show-ngdbsed.php?lab_id=D379431#b,1,ok
D379431,Zinc,32,32.0,parts per million by weight,AES_AZ_P,https://mrdata.usgs.gov/ngdb/sediment/show-ngdbsed.php?lab_id=D379431#b,1,ok
D379431,Arsenic,1.7,1.7,parts per million by weight,AES_AZ_P,https://mrdata.usgs.gov/ngdb/sediment/show-ngdbsed.php?lab_id=D379431#b,1,ok
D379431,Molybdenum,0.76,0.76,parts per million by weight,AES_AZ_P,https://mrdata.usgs.gov/ngdb/sediment/show-ngdbsed.php?lab_id=D379431#b,1,ok
D379431,Silver,N0.1,0.1,parts per million by weight,AES_AZ_P,https://mrdata.usgs.gov/ngdb/sediment/show-ngdbsed.php?lab_id=D379431#b,1,ok
D379431,Cadmium,0.18,0.18,parts per million by weight,AES_AZ_P,https://mrdata.usgs.gov/ngdb/sediment/show-ngdbsed.php?lab_id=D379431#b,1,ok
D379431,Antimony,N1,1.0,parts per million by weight,AES_AZ_P,https://mrdata.usgs.gov/ngdb/sediment/show-ngdbsed.php?lab_id=D379431#b,1,ok
D379431,Tellurium,0.05,0.05,parts per million by weight,AA_GF_HBr,https://mrdata.usgs.gov/ngdb/sediment/show-ngdbsed.php?lab_id=D379431#b,1,ok
D379431,Gold,N0.002,0.002,parts per million by weight,AA_GF_HBr,https://mrdata.usgs.gov/ngdb/sediment/show-ngdbsed.php?lab_id=D379431#b,1,ok
D379431,Gold,N0.15,0.15,parts per million by weight,AES_AZ_P,https://mrdata.usgs.gov/ngdb/sediment/show-ngdbsed.php?lab_id=D379431#b,1,ok
D379431,Lead,22,22.0,parts per million by weight,AES_AZ_P,https://mrdata.usgs.gov/ngdb/sediment/show-ngdbsed.php?lab_id=D379431#b,1,ok
D379431,Bismuth,N1,1.0,parts per million by weight,AES_AZ_P,https://mrdata.usgs.gov/ngdb/sediment/show-ngdbsed.php?lab_id=D379431#b,1,ok
D379431,Copper,22,22.0,parts per million by weight,AES_AZ_P,https://mrdata.usgs.gov/ngdb/sediment/show-ngdbsed.php?lab_id=D379431#c,1,ok
D379431,Zinc,32,32.0,parts per million by weight,AES_AZ_P,https://mrdata.usgs.gov/ngdb/sediment/show-ngdbsed.php?lab_id=D379431#c,1,ok
D379431,Arsenic,1.7,1.7,parts per million by weight,AES_AZ_P,https://mrdata.usgs.gov/ngdb/sediment/show-ngdbsed.php?lab_id=D379431#c,1,ok
D379431,Molybdenum,0.76,0.76,parts per million by weight,AES_AZ_P,https://mrdata.usgs.gov/ngdb/sediment/show-ngdbsed.php?lab_id=D379431#c,1,ok
D379431,Silver,N0.1,0.1,parts per million by weight,AES_AZ_P,https://mrdata.usgs.gov/ngdb/sediment/show-ngdbsed.php?lab_id=D379431#c,1,ok
D379431,Cadmium,0.18,0.18,parts per million by weight,AES_AZ_P,https://mrdata.usgs.gov/ngdb/sediment/show-ngdbsed.php?lab_id=D379431#c,1,ok
D379431,Antimony,N1,1.0,parts per million by weight,AES_AZ_P,https://mrdata.usgs.gov/ngdb/sediment/show-ngdbsed.php?lab_id=D379431#c,1,ok
D379431,Tellurium,0.05,0.05,parts per million by weight,AA_GF_HBr,https://mrdata.usgs.gov/ngdb/sediment/show-ngdbsed.php?lab_id=D379431#c,1,ok
D379431,Gold,N0.002,0.002,parts per million by weight,AA_GF_HBr,https://mrdata.usgs.gov/ngdb/sediment/show-ngdbsed.php?lab_id=D379431#c,1,ok
D379431,Gold,N0.15,0.15,parts per million by weight,AES_AZ_P,https://mrdata.usgs.gov/ngdb/sediment/show-ngdbsed.php?lab_id=D379431#c,1,ok
D379431,Lead,22,22.0,parts per million by weight,AES_AZ_P,https://mrdata.usgs.gov/ngdb/sediment/show-ngdbsed.php?lab_id=D379431#c,1,ok
D379431,Bismuth,N1,1.0,parts per million by weight,AES_AZ_P,https://mrdata.usgs.gov/ngdb/sediment/show-ngdbsed.php?lab_id=D379431#c,1,ok
D379432,Copper,41,41.0,parts per million by weight,AES_AZ_P,https://mrdata.usgs.gov/ngdb/sediment/show-ngdbsed.php?lab_id=D379432,2,ok
D379432,Zinc,60,60.0,parts per million by weight,AES_AZ_P,https://mrdata.usgs.gov/ngdb/sediment/show-ngdbsed.php?lab_id=D379432,2,ok
D379432,Arsenic,5,5.0,parts per million by weight,AES_AZ_P,https://mrdata.usgs.gov/ngdb/sediment/show-ngdbsed.php?lab_id=D379432,2,ok
D379432,Molybdenum,0.48,0.48,parts per million by weight,AES_AZ_P,https://mrdata.usgs.gov/ngdb/sediment/show-ngdbsed.php?lab_id=D379432,2,ok
D379432,Silver,N0.1,0.1,parts per million by weight,AES_AZ_P,https://mrdata.usgs.gov/ngdb/sediment/show-ngdbsed.php?lab_id=D379432,2,ok
D379432,Cadmium,0.29,0.29,parts per million by weight,AES_AZ_P,https://mrdata.usgs.gov/ngdb/sediment/show-ngdbsed.php?lab_id=D379432,2,ok
D379432,Antimony,1.2,1.2,parts per million by weight,AES_AZ_P,https://mrdata.usgs.gov/ngdb/sediment/show-ngdbsed.php?lab_id=D379432,2,ok
D379432,Tellurium,0.1,0.1,parts per million by weight,AA_GF_HBr,https://mrdata.usgs.gov/ngdb/sediment/show-ngdbsed.php?lab_id=D379432,2,ok
D379432,Gold,N0.002,0.002,parts per million by weight,AA_GF_HBr,https://mrdata.usgs.gov/ngdb/sediment/show-ngdbsed.php?lab_id=D379432,2,ok
D379432,Gold,N0.15,0.15,parts per million by weight,AES_AZ_P,https://mrdata.usgs.gov/ngdb/sediment/show-ngdbsed.php?lab_id=D379432,2,ok
D379432,Lead,21,21.0,parts per million by weight,AES_AZ_P,https://mrdata.usgs.gov/ngdb/sediment/show-ngdbsed.php?lab_id=D379432,2,ok
D379432,Bismuth,N1,1.0,parts per million by weight,AES_AZ_P,https://mrdata.usgs.gov/ngdb/sediment/show-ngdbsed.php?lab_id=D379432,2,ok
D379432,Copper,41,41.0,parts per million by weight,AES_AZ_P,https://mrdata.usgs.gov/ngdb/sediment/show-ngdbsed.php?lab_id=D379432#b,2,ok
D379432,Zinc,60,60.0,parts per million by weight,AES_AZ_P,https://mrdata.usgs.gov/ngdb/sediment/show-ngdbsed.php?lab_id=D379432#b,2,ok
D379432,Arsenic,5,5.0,parts per million by weight,AES_AZ_P,https://mrdata.usgs.gov/ngdb/sediment/show-ngdbsed.php?lab_id=D379432#b,2,ok
D379432,Molybdenum,0.48,0.48,parts per million by weight,AES_AZ_P,https://mrdata.usgs.gov/ngdb/sediment/show-ngdbsed.php?lab_id=D379432#b,2,ok
D379432,Silver,N0.1,0.1,parts per million by weight,AES_AZ_P,https://mrdata.usgs.gov/ngdb/sediment/show-ngdbsed.php?lab_id=D379432#b,2,ok
D379432,Cadmium,0.29,0.29,parts per million by weight,AES_AZ_P,https://mrdata.usgs.gov/ngdb/sediment/show-ngdbsed.php?lab_id=D379432#b,2,ok
D379432,Antimony,1.2,1.2,parts per million by weight,AES_AZ_P,https://mrdata.usgs.gov/ngdb/sediment/show-ngdbsed.php?lab_id=D379432#b,2,ok
D379432,Tellurium,0.1,0.1,parts per million by weight,AA_GF_HBr,https://mrdata.usgs.gov/ngdb/sediment/show-ngdbsed.php?lab_id=D379432#b,2,ok
D379432,Gold,N0.002,0.002,parts per million by weight,AA_GF_HBr,https://mrdata.usgs.gov/ngdb/sediment/show-ngdbsed.php?lab_id=D379432#b,2,ok
D379432,Gold,N0.15,0.15,parts per million by weight,AES_AZ_P,https://mrdata.usgs.gov/ngdb/sediment/show-ngdbsed.php?lab_id=D379432#b,2,ok
D379432,Lead,21,21.0,parts per million by weight,AES_AZ_P,https://mrdata.usgs.gov/ngdb/sediment/show-ngdbsed.php?lab_id=D379432#b,2,ok
D379432,Bismuth,N1,1.0,parts per million by weight,AES_AZ_P,https://mrdata.usgs.gov/ngdb/sediment/show-ngdbsed.php?lab_id=D379432#b,2,ok
D379432,Copper,41,41.0,parts per million by weight,AES_AZ_P,https://mrdata.usgs.gov/ngdb/sediment/show-ngdbsed.php?lab_id=D379432#c,2,ok
D379432,Zinc,60,60.0,parts per million by weight,AES_AZ_P,https://mrdata.usgs.gov/ngdb/sediment/show-ngdbsed.php?lab_id=D379432#c,2,ok
D379432,Arsenic,5,5.0,parts per million by weight,AES_AZ_P,https://mrdata.usgs.gov/ngdb/sediment/show-ngdbsed.php?lab_id=D379432#c,2,ok
D379432,Molybdenum,0.48,0.48,parts per million by weight,AES_AZ_P,https://mrdata.usgs.gov/ngdb/sediment/show-ngdbsed.php?lab_id=D379432#c,2,ok
D379432,Silver,N0.1,0.1,parts per million by weight,AES_AZ_P,https://mrdata.usgs.gov/ngdb/sediment/show-ngdbsed.php?lab_id=D379432#c,2,ok
D379432,Cadmium,0.29,0.29,parts per million by weight,AES_AZ_P,https://mrdata.usgs.gov/ngdb/sediment/show-ngdbsed.php?lab_id=D379432#c,2,ok
D379432,Antimony,1.2,1.2,parts per million by weight,AES_AZ_P,https://mrdata.usgs.gov/ngdb/sediment/show-ngdbsed.php?lab_id=D379432#c,2,ok
D379432,Tellurium,0.1,0.1,parts per million by weight,AA_GF_HBr,https://mrdata.usgs.gov/ngdb/sediment/show-ngdbsed.php?lab_id=D379432#c,2,ok
D379432,Gold,N0.002,0.002,parts per million by weight,AA_GF_HBr,https://mrdata.usgs.gov/ngdb/sediment/show-ngdbsed.php?lab_id=D379432#c,2,ok
D379432,Gold,N0.15,0.15,parts per million by weight,AES_AZ_P,https://mrdata.usgs.gov/ngdb/sediment/show-ngdbsed.php?lab_id=D379432#c,2,ok
D379432,Lead,21,21.0,parts per million by weight,AES_AZ_P,https://mrdata.usgs.gov/ngdb/sediment/show-ngdbsed.php?lab_id=D379432#c,2,ok
D379432,Bismuth,N1,1.0,parts per million by weight,AES_AZ_P,https://mrdata.usgs.gov/ngdb/sediment/show-ngdbsed.php?lab_id=D379432#c,2,ok
D379433,Copper,35,35.0,parts per million by weight,AES_AZ_P,https://mrdata.usgs.gov/ngdb/sediment/show-ngdbsed.php?lab_id=D379433,3,ok
D379433,Zinc,38,38.0,parts per million by weight,AES_AZ_P,https://mrdata.usgs.gov/ngdb/sediment/show-ngdbsed.php?lab_id=D379433,3,ok
D379433,Arsenic,1.2,1.2,parts per million by weight,AES_AZ_P,https://mrdata.usgs.gov/ngdb/sediment/show-ngdbsed.php?lab_id=D379433,3,ok
D379433,Molybdenum,0.58,0.58,parts per million by weight,AES_AZ_P,https://mrdata.usgs.gov/ngdb/sediment/show-ngdbsed.php?lab_id=D379433,3,ok
D379433,Silver,0.14,0.14,parts per million by weight,AES_AZ_P,https://mrdata.usgs.gov/ngdb/sediment/show-ngdbsed.php?lab_id=D379433,3,ok
D379433,Cadmium,0.35,0.35,parts per million by weight,AES_AZ_P,https://mrdata.usgs.gov/ngdb/sediment/show-ngdbsed.php?lab_id=D379433,3,ok
D379433,Antimony,N1,1.0,parts per million by weight,AES_AZ_P,https://mrdata.usgs.gov/ngdb/sediment/show-ngdbsed.php?lab_id=D379433,3,ok
D379433,Tellurium,N0.05,0.05,parts per million by weight,AA_GF_HBr,https://mrdata.usgs.gov/ngdb/sediment/show-ngdbsed.php?lab_id=D379433,3,ok
D379433,Gold,N0.002,0.002,parts per million by weight,AA_GF_HBr,https://mrdata.usgs.gov/ngdb/sediment/show-ngdbsed.php?lab_id=D379433,3,ok
D379433,Gold,N0.15,0.15,parts per million by weight,AES_AZ_P,https://mrdata.usgs.gov/ngdb/sediment/show-ngdbsed.php?lab_id=D379433,3,ok
D379433,Lead,25,25.0,parts per million by weight,AES_AZ_P,https://mrdata.usgs.gov/ngdb/sediment/show-ngdbsed.php?lab_id=D379433,3,ok
D379433,Bismuth,N1,1.0,parts per million by weight,AES_AZ_P,https://mrdata.usgs.gov/ngdb/sediment/show-ngdbsed.php?lab_id=D379433,3,ok
D379433,Copper,35,35.0,parts per million by weight,AES_AZ_P,https://mrdata.usgs.gov/ngdb/sediment/show-ngdbsed.php?lab_id=D379433#b,3,ok
D379433,Zinc,38,38.0,parts per million by weight,AES_AZ_P,https://mrdata.usgs.gov/ngdb/sediment/show-ngdbsed.php?lab_id=D379433#b,3,ok
D379433,Arsenic,1.2,1.2,parts per million by weight,AES_AZ_P,https://mrdata.usgs.gov/ngdb/sediment/show-ngdbsed.php?lab_id=D379433#b,3,ok
D379433,Molybdenum,0.58,0.58,parts per million by weight,AES_AZ_P,https://mrdata.usgs.gov/ngdb/sediment/show-ngdbsed.php?lab_id=D379433#b,3,ok
D379433,Silver,0.14,0.14,parts per million by weight,AES_AZ_P,https://mrdata.usgs.gov/ngdb/sediment/show-ngdbsed.php?lab_id=D379433#b,3,ok
D379433,Cadmium,0.35,0.35,parts per million by weight,AES_AZ_P,https://mrdata.usgs.gov/ngdb/sediment/show-ngdbsed.php?lab_id=D379433#b,3,ok
D379433,Antimony,N1,1.0,parts per million by weight,AES_AZ_P,https://mrdata.usgs.gov/ngdb/sediment/show-ngdbsed.php?lab_id=D379433#b,3,ok
D379433,Tellurium,N0.05,0.05,parts per million by weight,AA_GF_HBr,https://mrdata.usgs.gov/ngdb/sediment/show-ngdbsed.php?lab_id=D379433#b,3,ok
D379433,Gold,N0.002,0.002,parts per million by weight,AA_GF_HBr,https://mrdata.usgs.gov/ngdb/sediment/show-ngdbsed.php?lab_id=D379433#b,3,ok
D379433,Gold,N0.15,0.15,parts per million by weight,AES_AZ_P,https://mrdata.usgs.gov/ngdb/sediment/show-ngdbsed.php?lab_id=D379433#b,3,ok
D379433,Lead,25,25.0,parts per million by weight,AES_AZ_P,https://mrdata.usgs.gov/ngdb/sediment/show-ngdbsed.php?lab_id=D379433#b,3,ok
D379433,Bismuth,N1,1.0,parts per million by weight,AES_AZ_P,https://mrdata.usgs.gov/ngdb/sediment/show-ngdbsed.php?lab_id=D379433#b,3,ok
D379433,Copper,35,35.0,parts per million by weight,AES_AZ_P,https://mrdata.usgs.gov/ngdb/sediment/show-ngdbsed.php?lab_id=D379433#c,3,ok
D379433,Zinc,38,38.0,parts per million by weight,AES_AZ_P,https://mrdata.usgs.gov/ngdb/sediment/show-ngdbsed.php?lab_id=D379433#c,3,ok
D379433,Arsenic,1.2,1.2,parts per million by weight,AES_AZ_P,https://mrdata.usgs.gov/ngdb/sediment/show-ngdbsed.php?lab_id=D379433#c,3,ok
D379433,Molybdenum,0.58,0.58,parts per million by weight,AES_AZ_P,https://mrdata.usgs.gov/ngdb/sediment/show-ngdbsed.php?lab_id=D379433#c,3,ok
D379433,Silver,0.14,0.14,parts per million by weight,AES_AZ_P,https://mrdata.usgs.gov/ngdb/sediment/show-ngdbsed.php?lab_id=D379433#c,3,ok
D379433,Cadmium,0.35,0.35,parts per million by weight,AES_AZ_P,https://mrdata.usgs.gov/ngdb/sediment/show-ngdbsed.php?lab_id=D379433#c,3,ok
D379433,Antimony,N1,1.0,parts per million by weight,AES_AZ_P,https://mrdata.usgs.gov/ngdb/sediment/show-ngdbsed.php?lab_id=D379433#c,3,ok
D379433,Tellurium,N0.05,0.05,parts per million by weight,AA_GF_HBr,https://mrdata.usgs.gov/ngdb/sediment/show-ngdbsed.php?lab_id=D379433#c,3,ok
D379433,Gold,N0.002,0.002,parts per million by weight,AA_GF_HBr,https://mrdata.usgs.gov/ngdb/sediment/show-ngdbsed.php?lab_id=D379433#c,3,ok
D379433,Gold,N0.15,0.15,parts per million by weight,AES_AZ_P,https://mrdata.usgs.gov/ngdb/sediment/show-ngdbsed.php?lab_id=D379433#c,3,ok
D379433,Lead,25,25.0,parts per million by weight,AES_AZ_P,https://mrdata.usgs.gov/ngdb/sediment/show-ngdbsed.php?lab_id=D379433#c,3,ok
D379433,Bismuth,N1,1.0,parts per million by weight,AES_AZ_P,https://mrdata.usgs.gov/ngdb/sediment/show-ngdbsed.php?lab_id=D379433#c,3,ok
D379434,Copper,15,15.0,parts per million by weight,AES_AZ_P,https://mrdata.usgs.gov/ngdb/sediment/show-ngdbsed.php?lab_id=D379434,4,ok
D379434,Zinc,37,37.0,parts per million by weight,AES_AZ_P,https://mrdata.usgs.gov/ngdb/sediment/show-ngdbsed.php?lab_id=D379434,4,ok
D379434,Arsenic,2.5,2.5,parts per million by weight,AES_AZ_P,https://mrdata.usgs.gov/ngdb/sediment/show-ngdbsed.php?lab_id=D379434,4,ok
D379434,Molybdenum,0.62,0.62,parts per million by weight,AES_AZ_P,https://mrdata.usgs.gov/ngdb/sediment/show-ngdbsed.php?lab_id=D379434,4,ok
D379434,Silver,N0.1,0.1,parts per million by weight,AES_AZ_P,https://mrdata.usgs.gov/ngdb/sediment/show-ngdbsed.php?lab_id=D379434,4,ok
D379434,Cadmium,0.18,0.18,parts per million by weight,AES_AZ_P,https://mrdata.usgs.gov/ngdb/sediment/show-ngdbsed.php?lab_id=D379434,4,ok
D379434,Antimony,N1,1.0,parts per million by weight,AES_AZ_P,https://mrdata.usgs.gov/ngdb/sediment/show-ngdbsed.php?lab_id=D379434,4,ok
D379434,Tellurium,N0.05,0.05,parts per million by weight,AA_GF_HBr,https://mrdata.usgs.gov/ngdb/sediment/show-ngdbsed.php?lab_id=D379434,4,ok
D379434,Gold,N0.002,0.002,parts per million by weight,AA_GF_HBr,https://mrdata.usgs.gov/ngdb/sediment/show-ngdbsed.php?lab_id=D379434,4,ok
D379434,Gold,N0.15,0.15,parts per million by weight,AES_AZ_P,https://mrdata.usgs.gov/ngdb/sediment/show-ngdbsed.php?lab_id=D379434,4,ok
D379434,Lead,22,22.0,parts per million by weight,AES_AZ_P,https://mrdata.usgs.gov/ngdb/sediment/show-ngdbsed.php?lab_id=D379434,4,ok
D379434,Bismuth,N1,1.0,parts per million by weight,AES_AZ_P,https://mrdata.usgs.gov/ngdb/sediment/show-ngdbsed.php?lab_id=D379434,4,ok
D379434,Copper,15,15.0,parts per million by weight,AES_AZ_P,https://mrdata.usgs.gov/ngdb/sediment/show-ngdbsed.php?lab_id=D379434#b,4,ok
D379434,Zinc,37,37.0,parts per million by weight,AES_AZ_P,https://mrdata.usgs.gov/ngdb/sediment/show-ngdbsed.php?lab_id=D379434#b,4,ok
D379434,Arsenic,2.5,2.5,parts per million by weight,AES_AZ_P,https://mrdata.usgs.gov/ngdb/sediment/show-ngdbsed.php?lab_id=D379434#b,4,ok
D379434,Molybdenum,0.62,0.62,parts per million by weight,AES_AZ_P,https://mrdata.usgs.gov/ngdb/sediment/show-ngdbsed.php?lab_id=D379434#b,4,ok
D379434,Silver,N0.1,0.1,parts per million by weight,AES_AZ_P,https://mrdata.usgs.gov/ngdb/sediment/show-ngdbsed.php?lab_id=D379434#b,4,ok
D379434,Cadmium,0.18,0.18,parts per million by weight,AES_AZ_P,https://mrdata.usgs.gov/ngdb/sediment/show-ngdbsed.php?lab_id=D379434#b,4,ok
D379434,Antimony,N1,1.0,parts per million by weight,AES_AZ_P,https://mrdata.usgs.gov/ngdb/sediment/show-ngdbsed.php?lab_id=D379434#b,4,ok
D379434,Tellurium,N0.05,0.05,parts per million by weight,AA_GF_HBr,https://mrdata.usgs.gov/ngdb/sediment/show-ngdbsed.php?lab_id=D379434#b,4,ok
D379434,Gold,N0.002,0.002,parts per million by weight,AA_GF_HBr,https://mrdata.usgs.gov/ngdb/sediment/show-ngdbsed.php?lab_id=D379434#b,4,ok
D379434,Gold,N0.15,0.15,parts per million by weight,AES_AZ_P,https://mrdata.usgs.gov/ngdb/sediment/show-ngdbsed.php?lab_id=D379434#b,4,ok
D379434,Lead,22,22.0,parts per million by weight,AES_AZ_P,https://mrdata.usgs.gov/ngdb/sediment/show-ngdbsed.php?lab_id=D379434#b,4,ok
D379434,Bismuth,N1,1.0,parts per million by weight,AES_AZ_P,https://mrdata.usgs.gov/ngdb/sediment/show-ngdbsed.php?lab_id=D379434#b,4,ok
D379434,Copper,15,15.0,parts per million by weight,AES_AZ_P,https://mrdata.usgs.gov/ngdb/sediment/show-ngdbsed.php?lab_id=D379434#c,4,ok
D379434,Zinc,37,37.0,parts per million by weight,AES_AZ_P,https://mrdata.usgs.gov/ngdb/sediment/show-ngdbsed.php?lab_id=D379434#c,4,ok
D379434,Arsenic,2.5,2.5,parts per million by weight,AES_AZ_P,https://mrdata.usgs.gov/ngdb/sediment/show-ngdbsed.php?lab_id=D379434#c,4,ok
D379434,Molybdenum,0.62,0.62,parts per million by weight,AES_AZ_P,https://mrdata.usgs.gov/ngdb/sediment/show-ngdbsed.php?lab_id=D379434#c,4,ok
D379434,Silver,N0.1,0.1,parts per million by weight,AES_AZ_P,https://mrdata.usgs.gov/ngdb/sediment/show-ngdbsed.php?lab_id=D379434#c,4,ok
D379434,Cadmium,0.18,0.18,parts per million by weight,AES_AZ_P,https://mrdata.usgs.gov/ngdb/sediment/show-ngdbsed.php?lab_id=D379434#c,4,ok
D379434,Antimony,N1,1.0,parts per million by weight,AES_AZ_P,https://mrdata.usgs.gov/ngdb/sediment/show-ngdbsed.php?lab_id=D379434#c,4,ok
D379434,Tellurium,N0.05,0.05,parts per million by weight,AA_GF_HBr,https://mrdata.usgs.gov/ngdb/sediment/show-ngdbsed.php?lab_id=D379434#c,4,ok
D379434,Gold,N0.002,0.002,parts per million by weight,AA_GF_HBr,https://mrdata.usgs.gov/ngdb/sediment/show-ngdbsed.php?lab_id=D379434#c,4,ok
D379434,Gold,N0.15,0.15,parts per million by weight,AES_AZ_P,https://mrdata.usgs.gov/ngdb/sediment/show-ngdbsed.php?lab_id=D379434#c,4,ok
D379434,Lead,22,22.0,parts per million by weight,AES_AZ_P,https://mrdata.usgs.gov/ngdb/sediment/show-ngdbsed.php?lab_id=D379434#c,4,ok
D379434,Bismuth,N1,1.0,parts per million by weight,AES_AZ_P,https://mrdata.usgs.gov/ngdb/sediment/show-ngdbsed.php?lab_id=D379434#c,4,ok
D379435,Copper,13,13.0,parts per million by weight,AES_AZ_P,https://mrdata.usgs.gov/ngdb/sediment/show-ngdbsed.php?lab_id=D379435,5,ok
D379435,Zinc,32,32.0,parts per million by weight,AES_AZ_P,https://mrdata.usgs.gov/ngdb/sediment/show-ngdbsed.php?lab_id=D379435,5,ok
D379435,Arsenic,1.5,1.5,parts per million by weight,AES_AZ_P,https://mrdata.usgs.gov/ngdb/sediment/show-ngdbsed.php?lab_id=D379435,5,ok
D379435,Molybdenum,0.55,0.55,parts per million by weight,AES_AZ_P,https://mrdata.usgs.gov/ngdb/sediment/show-ngdbsed.php?lab_id=D379435,5,ok
D379435,Silver,0.1,0.1,parts per million by weight,AES_AZ_P,https://mrdata.usgs.gov/ngdb/sediment/show-ngdbsed.php?lab_id=D379435,5,ok
D379435,Cadmium,0.06,0.06,parts per million by weight,AES_AZ_P,https://mrdata.usgs.gov/ngdb/sediment/show-ngdbsed.php?lab_id=D379435,5,ok
D379435,Antimony,N1,1.0,parts per million by weight,AES_AZ_P,https://mrdata.usgs.gov/ngdb/sediment/show-ngdbsed.php?lab_id=D379435,5,ok
D379435,Tellurium,N0.05,0.05,parts per million by weight,AA_GF_HBr,https://mrdata.usgs.gov/ngdb/sediment/show-ngdbsed.php?lab_id=D379435,5,ok
D379435,Gold,N0.004,0.004,parts per million by weight,AA_GF_HBr,https://mrdata.usgs.gov/ngdb/sediment/show-ngdbsed.php?lab_id=D379435,5,ok
D379435,Gold,N0.15,0.15,parts per million by weight,AES_AZ_P,https://mrdata.usgs.gov/ngdb/sediment/show-ngdbsed.php?lab_id=D379435,5,ok
D379435,Lead,15,15.0,parts per million by weight,AES_AZ_P,https://mrdata.usgs.gov/ngdb/sediment/show-ngdbsed.php?lab_id=D379435,5,ok
D379435,Bismuth,N1,1.0,parts per million by weight,AES_AZ_P,https://mrdata.usgs.gov/ngdb/sediment/show-ngdbsed.php?lab_id=D379435,5,ok
D379435,Copper,13,13.0,parts per million by weight,AES_AZ_P,https://mrdata.usgs.gov/ngdb/sediment/show-ngdbsed.php?lab_id=D379435#b,5,ok
D379435,Zinc,32,32.0,parts per million by weight,AES_AZ_P,https://mrdata.usgs.gov/ngdb/sediment/show-ngdbsed.php?lab_id=D379435#b,5,ok
D379435,Arsenic,1.5,1.5,parts per million by weight,AES_AZ_P,https://mrdata.usgs.gov/ngdb/sediment/show-ngdbsed.php?lab_id=D379435#b,5,ok
D379435,Molybdenum,0.55,0.55,parts per million by weight,AES_AZ_P,https://mrdata.usgs.gov/ngdb/sediment/show-ngdbsed.php?lab_id=D379435#b,5,ok
D379435,Silver,0.1,0.1,parts per million by weight,AES_AZ_P,https://mrdata.usgs.gov/ngdb/sediment/show-ngdbsed.php?lab_id=D379435#b,5,ok
D379435,Cadmium,0.06,0.06,parts per million by weight,AES_AZ_P,https://mrdata.usgs.gov/ngdb/sediment/show-ngdbsed.php?lab_id=D379435#b,5,ok
D379435,Antimony,N1,1.0,parts per million by weight,AES_AZ_P,https://mrdata.usgs.gov/ngdb/sediment/show-ngdbsed.php?lab_id=D379435#b,5,ok
D379435,Tellurium,N0.05,0.05,parts per million by weight,AA_GF_HBr,https://mrdata.usgs.gov/ngdb/sediment/show-ngdbsed.php?lab_id=D379435#b,5,ok
D379435,Gold,N0.004,0.004,parts per million by weight,AA_GF_HBr,https://mrdata.usgs.gov/ngdb/sediment/show-ngdbsed.php?lab_id=D379435#b,5,ok
D379435,Gold,N0.15,0.15,parts per million by weight,AES_AZ_P,https://mrdata.usgs.gov/ngdb/sediment/show-ngdbsed.php?lab_id=D379435#b,5,ok
D379435,Lead,15,15.0,parts per million by weight,AES_AZ_P,https://mrdata.usgs.gov/ngdb/sediment/show-ngdbsed.php?lab_id=D379435#b,5,ok
D379435,Bismuth,N1,1.0,parts per million by weight,AES_AZ_P,https://mrdata.usgs.gov/ngdb/sediment/show-ngdbsed.php?lab_id=D379435#b,5,ok
D379435,Copper,13,13.0,parts per million by weight,AES_AZ_P,https://mrdata.usgs.gov/ngdb/sediment/show-ngdbsed.php?lab_id=D379435#c,5,ok
D379435,Zinc,32,32.0,parts per million by weight,AES_AZ_P,https://mrdata.usgs.gov/ngdb/sediment/show-ngdbsed.php?lab_id=D379435#c,5,ok
D379435,Arsenic,1.5,1.5,parts per million by weight,AES_AZ_P,https://mrdata.usgs.gov/ngdb/sediment/show-ngdbsed.php?lab_id=D379435#c,5,ok
D379435,Molybdenum,0.55,0.55,parts per million by weight,AES_AZ_P,https://mrdata.usgs.gov/ngdb/sediment/show-ngdbsed.php?lab_id=D379435#c,5,ok
D379435,Silver,0.1,0.1,parts per million by weight,AES_AZ_P,https://mrdata.usgs.gov/ngdb/sediment/show-ngdbsed.php?lab_id=D379435#c,5,ok
D379435,Cadmium,0.06,0.06,parts per million by weight,AES_AZ_P,https://mrdata.usgs.gov/ngdb/sediment/show-ngdbsed.php?lab_id=D379435#c,5,ok
D379435,Antimony,N1,1.0,parts per million by weight,AES_AZ_P,https://mrdata.usgs.gov/ngdb/sediment/show-ngdbsed.php?lab_id=D379435#c,5,ok
D379435,Tellurium,N0.05,0.05,parts per million by weight,AA_GF_HBr,https://mrdata.usgs.gov/ngdb/sediment/show-ngdbsed.php?lab_id=D379435#c,5,ok
D379435,Gold,N0.004,0.004,parts per million by weight,AA_GF_HBr,https://mrdata.usgs.gov/ngdb/sediment/show-ngdbsed.php?lab_id=D379435#c,5,ok
D379435,Gold,N0.15,0.15,parts per million by weight,AES_AZ_P,https://mrdata.usgs.gov/ngdb/sediment/show-ngdbsed.php?lab_id=D379435#c,5,ok
D379435,Lead,15,15.0,parts per million by weight,AES_AZ_P,https://mrdata.usgs.gov/ngdb/sediment/show-ngdbsed.php?lab_id=D379435#c,5,ok
D379435,Bismuth,N1,1.0,parts per million by weight,AES_AZ_P,https://mrdata.usgs.gov/ngdb/sediment/show-ngdbsed.php?lab_id=D379435#c,5,ok
D379436,Copper,22,22.0,parts per million by weight,AES_AZ_P,https://mrdata.usgs.gov/ngdb/sediment/show-ngdbsed.php?lab_id=D379436,6,ok
D379436,Zinc,37,37.0,parts per million by weight,AES_AZ_P,https://mrdata.usgs.gov/ngdb/sediment/show-ngdbsed.php?lab_id=D379436,6,ok
D379436,Arsenic,2.7,2.7,parts per million by weight,AES_AZ_P,https://mrdata.usgs.gov/ngdb/sediment/show-ngdbsed.php?lab_id=D379436,6,ok
D379436,Molybdenum,0.75,0.75,parts per million by weight,AES_AZ_P,https://mrdata.usgs.gov/ngdb/sediment/show-ngdbsed.php?lab_id=D379436,6,ok
D379436,Silver,0.12,0.12,parts per million by weight,AES_AZ_P,https://mrdata.usgs.gov/ngdb/sediment/show-ngdbsed.php?lab_id=D379436,6,ok
D379436,Cadmium,0.28,0.28,parts per million by weight,AES_AZ_P,https://mrdata.usgs.gov/ngdb/sediment/show-ngdbsed.php?lab_id=D379436,6,ok
D379436,Antimony,N1,1.0,parts per million by weight,AES_AZ_P,https://mrdata.usgs.gov/ngdb/sediment/show-ngdbsed.php?lab_id=D379436,6,ok
D379436,Tellurium,N0.05,0.05,parts per million by weight,AA_GF_HBr,https://mrdata.usgs.gov/ngdb/sediment/show-ngdbsed.php?lab_id=D379436,6,ok
D379436,Gold,N0.002,0.002,parts per million by weight,AA_GF_HBr,https://mrdata.usgs.gov/ngdb/sediment/show-ngdbsed.php?lab_id=D379436,6,ok
D379436,Gold,N0.15,0.15,parts per million by weight,AES_AZ_P,https://mrdata.usgs.gov/ngdb/sediment/show-ngdbsed.php?lab_id=D379436,6,ok
D379436,Lead,26,26.0,parts per million by weight,AES_AZ_P,https://mrdata.usgs.gov/ngdb/sediment/show-ngdbsed.php?lab_id=D379436,6,ok
D379436,Bismuth,N1,1.0,parts per million by weight,AES_AZ_P,https://mrdata.usgs.gov/ngdb/sediment/show-ngdbsed.php?lab_id=D379436,6,ok
D379436,Copper,22,22.0,parts per million by weight,AES_AZ_P,https://mrdata.usgs.gov/ngdb/sediment/show-ngdbsed.php?lab_id=D379436#b,6,ok
D379436,Zinc,37,37.0,parts per million by weight,AES_AZ_P,https://mrdata.usgs.gov/ngdb/sediment/show-ngdbsed.php?lab_id=D379436#b,6,ok
D379436,Arsenic,2.7,2.7,parts per million by weight,AES_AZ_P,https://mrdata.usgs.gov/ngdb/sediment/show-ngdbsed.php?lab_id=D379436#b,6,ok
D379436,Molybdenum,0.75,0.75,parts per million by weight,AES_AZ_P,https://mrdata.usgs.gov/ngdb/sediment/show-ngdbsed.php?lab_id=D379436#b,6,ok
D379436,Silver,0.12,0.12,parts per million by weight,AES_AZ_P,https://mrdata.usgs.gov/ngdb/sediment/show-ngdbsed.php?lab_id=D379436#b,6,ok
D379436,Cadmium,0.28,0.28,parts per million by weight,AES_AZ_P,https://mrdata.usgs.gov/ngdb/sediment/show-ngdbsed.php?lab_id=D379436#b,6,ok
D379436,Antimony,N1,1.0,parts per million by weight,AES_AZ_P,https://mrdata.usgs.gov/ngdb/sediment/show-ngdbsed.php?lab_id=D379436#b,6,ok
D379436,Tellurium,N0.05,0.05,parts per million by weight,AA_GF_HBr,https://mrdata.usgs.gov/ngdb/sediment/show-ngdbsed.php?lab_id=D379436#b,6,ok
D379436,Gold,N0.002,0.002,parts per million by weight,AA_GF_HBr,https://mrdata.usgs.gov/ngdb/sediment/show-ngdbsed.php?lab_id=D379436#b,6,ok
D379436,Gold,N0.15,0.15,parts per million by weight,AES_AZ_P,https://mrdata.usgs.gov/ngdb/sediment/show-ngdbsed.php?lab_id=D379436#b,6,ok
D379436,Lead,26,26.0,parts per million by weight,AES_AZ_P,https://mrdata.usgs.gov/ngdb/sediment/show-ngdbsed.php?lab_id=D379436#b,6,ok
D379436,Bismuth,N1,1.0,parts per million by weight,AES_AZ_P,https://mrdata.usgs.gov/ngdb/sediment/show-ngdbsed.php?lab_id=D379436#b,6,ok
D379436,Copper,22,22.0,parts per million by weight,AES_AZ_P,https://mrdata.usgs.gov/ngdb/sediment/show-ngdbsed.php?lab_id=D379436#c,6,ok
D379436,Zinc,37,37.0,parts per million by weight,AES_AZ_P,https://mrdata.usgs.gov/ngdb/sediment/show-ngdbsed.php?lab_id=D379436#c,6,ok
D379436,Arsenic,2.7,2.7,parts per million by weight,AES_AZ_P,https://mrdata.usgs.gov/ngdb/sediment/show-ngdbsed.php?lab_id=D379436#c,6,ok
D379436,Molybdenum,0.75,0.75,parts per million by weight,AES_AZ_P,https://mrdata.usgs.gov/ngdb/sediment/show-ngdbsed.php?lab_id=D379436#c,6,ok
D379436,Silver,0.12,0.12,parts per million by weight,AES_AZ_P,https://mrdata.usgs.gov/ngdb/sediment/show-ngdbsed.php?lab_id=D379436#c,6,ok
D379436,Cadmium,0.28,0.28,parts per million by weight,AES_AZ_P,https://mrdata.usgs.gov/ngdb/sediment/show-ngdbsed.php?lab_id=D379436#c,6,ok
D379436,Antimony,N1,1.0,parts per million by weight,AES_AZ_P,https://mrdata.usgs.gov/ngdb/sediment/show-ngdbsed.php?lab_id=D379436#c,6,ok
D379436,Tellurium,N0.05,0.05,parts per million by weight,AA_GF_HBr,https://mrdata.usgs.gov/ngdb/sediment/show-ngdbsed.php?lab_id=D379436#c,6,ok
D379436,Gold,N0.002,0.002,parts per million by weight,AA_GF_HBr,https://mrdata.usgs.gov/ngdb/sediment/show-ngdbsed.php?lab_id=D379436#c,6,ok
D379436,Gold,N0.15,0.15,parts per million by weight,AES_AZ_P,https://mrdata.usgs.gov/ngdb/sediment/show-ngdbsed.php?lab_id=D379436#c,6,ok
D379436,Lead,26,26.0,parts per million by weight,AES_AZ_P,https://mrdata.usgs.gov/ngdb/sediment/show-ngdbsed.php?lab_id=D379436#c,6,ok
D379436,Bismuth,N1,1.0,parts per million by weight,AES_AZ_P,https://mrdata.usgs.gov/ngdb/sediment/show-ngdbsed.php?lab_id=D379436#c,6,ok
D379437,Copper,15,15.0,parts per million by weight,AES_AZ_P,https://mrdata.usgs.gov/ngdb/sediment/show-ngdbsed.php?lab_id=D379437,7,ok
D379437,Zinc,50,50.0,parts per million by weight,AES_AZ_P,https://mrdata.usgs.gov/ngdb/sediment/show-ngdbsed.php?lab_id=D379437,7,ok
D379437,Arsenic,1.8,1.8,parts per million by weight,AES_AZ_P,https://mrdata.usgs.gov/ngdb/sediment/show-ngdbsed.php?lab_id=D379437,7,ok
D379437,Molybdenum,0.54,0.54,parts per million by weight,AES_AZ_P,https://mrdata.usgs.gov/ngdb/sediment/show-ngdbsed.php?lab_id=D379437,7,ok
D379437,Silver,0.12,0.12,parts per million by weight,AES_AZ_P,https://mrdata.usgs.gov/ngdb/sediment/show-ngdbsed.php?lab_id=D379437,7,ok
D379437,Cadmium,0.13,0.13,parts per million by weight,AES_AZ_P,https://mrdata.usgs.gov/ngdb/sediment/show-ngdbsed.php?lab_id=D379437,7,ok
D379437,Antimony,N1,1.0,parts per million by weight,AES_AZ_P,https://mrdata.usgs.gov/ngdb/sediment/show-ngdbsed.php?lab_id=D379437,7,ok
D379437,Tellurium,N0.05,0.05,parts per million by weight,AA_GF_HBr,https://mrdata.usgs.gov/ngdb/sediment/show-ngdbsed.php?lab_id=D379437,7,ok
D379437,Gold,N0.004,0.004,parts per million by weight,AA_GF_HBr,https://mrdata.usgs.gov/ngdb/sediment/show-ngdbsed.php?lab_id=D379437,7,ok
D379437,Gold,N0.15,0.15,parts per million by weight,AES_AZ_P,https://mrdata.usgs.gov/ngdb/sediment/show-ngdbsed.php?lab_id=D379437,7,ok
D379437,Lead,17,17.0,parts per million by weight,AES_AZ_P,https://mrdata.usgs.gov/ngdb/sediment/show-ngdbsed.php?lab_id=D379437,7,ok
D379437,Bismuth,N1,1.0,parts per million by weight,AES_AZ_P,https://mrdata.usgs.gov/ngdb/sediment/show-ngdbsed.php?lab_id=D379437,7,ok
D379437,Copper,15,15.0,parts per million by weight,AES_AZ_P,https://mrdata.usgs.gov/ngdb/sediment/show-ngdbsed.php?lab_id=D379437#b,7,ok
D379437,Zinc,50,50.0,parts per million by weight,AES_AZ_P,https://mrdata.usgs.gov/ngdb/sediment/show-ngdbsed.php?lab_id=D379437#b,7,ok
D379437,Arsenic,1.8,1.8,parts per million by weight,AES_AZ_P,https://mrdata.usgs.gov/ngdb/sediment/show-ngdbsed.php?lab_id=D379437#b,7,ok
D379437,Molybdenum,0.54,0.54,parts per million by weight,AES_AZ_P,https://mrdata.usgs.gov/ngdb/sediment/show-ngdbsed.php?lab_id=D379437#b,7,ok
D379437,Silver,0.12,0.12,parts per million by weight,AES_AZ_P,https://mrdata.usgs.gov/ngdb/sediment/show-ngdbsed.php?lab_id=D379437#b,7,ok
D379437,Cadmium,0.13,0.13,parts per million by weight,AES_AZ_P,https://mrdata.usgs.gov/ngdb/sediment/show-ngdbsed.php?lab_id=D379437#b,7,ok
D379437,Antimony,N1,1.0,parts per million by weight,AES_AZ_P,https://mrdata.usgs.gov/ngdb/sediment/show-ngdbsed.php?lab_id=D379437#b,7,ok
D379437,Tellurium,N0.05,0.05,parts per million by weight,AA_GF_HBr,https://mrdata.usgs.gov/ngdb/sediment/show-ngdbsed.php?lab_id=D379437#b,7,ok
D379437,Gold,N0.004,0.004,parts per million by weight,AA_GF_HBr,https://mrdata.usgs.gov/ngdb/sediment/show-ngdbsed.php?lab_id=D379437#b,7,ok
D379437,Gold,N0.15,0.15,parts per million by weight,AES_AZ_P,https://mrdata.usgs.gov/ngdb/sediment/show-ngdbsed.php?lab_id=D379437#b,7,ok
D379437,Lead,17,17.0,parts per million by weight,AES_AZ_P,https://mrdata.usgs.gov/ngdb/sediment/show-ngdbsed.php?lab_id=D379437#b,7,ok
D379437,Bismuth,N1,1.0,parts per million by weight,AES_AZ_P,https://mrdata.usgs.gov/ngdb/sediment/show-ngdbsed.php?lab_id=D379437#b,7,ok
D379437,Copper,15,15.0,parts per million by weight,AES_AZ_P,https://mrdata.usgs.gov/ngdb/sediment/show-ngdbsed.php?lab_id=D379437#c,7,ok
D379437,Zinc,50,50.0,parts per million by weight,AES_AZ_P,https://mrdata.usgs.gov/ngdb/sediment/show-ngdbsed.php?lab_id=D379437#c,7,ok
D379437,Arsenic,1.8,1.8,parts per million by weight,AES_AZ_P,https://mrdata.usgs.gov/ngdb/sediment/show-ngdbsed.php?lab_id=D379437#c,7,ok
D379437,Molybdenum,0.54,0.54,parts per million by weight,AES_AZ_P,https://mrdata.usgs.gov/ngdb/sediment/show-ngdbsed.php?lab_id=D379437#c,7,ok
D379437,Silver,0.12,0.12,parts per million by weight,AES_AZ_P,https://mrdata.usgs.gov/ngdb/sediment/show-ngdbsed.php?lab_id=D379437#c,7,ok
D379437,Cadmium,0.13,0.13,parts per million by weight,AES_AZ_P,https://mrdata.usgs.gov/ngdb/sediment/show-ngdbsed.php?lab_id=D379437#c,7,ok
D379437,Antimony,N1,1.0,parts per million by weight,AES_AZ_P,https://mrdata.usgs.gov/ngdb/sediment/show-ngdbsed.php?lab_id=D379437#c,7,ok
D379437,Tellurium,N0.05,0.05,parts per million by weight,AA_GF_HBr,https://mrdata.usgs.gov/ngdb/sediment/show-ngdbsed.php?lab_id=D379437#c,7,ok
D379437,Gold,N0.004,0.004,parts per million by weight,AA_GF_HBr,https://mrdata.usgs.gov/ngdb/sediment/show-ngdbsed.php?lab_id=D379437#c,7,ok
D379437,Gold,N0.15,0.15,parts per million by weight,AES_AZ_P,https://mrdata.usgs.gov/ngdb/sediment/show-ngdbsed.php?lab_id=D379437#c,7,ok
D379437,Lead,17,17.0,parts per million by weight,AES_AZ_P,https://mrdata.usgs.gov/ngdb/sediment/show-ngdbsed.php?lab_id=D379437#c,7,ok
D379437,Bismuth,N1,1.0,parts per million by weight,AES_AZ_P,https://mrdata.usgs.gov/ngdb/sediment/show-ngdbsed.php?lab_id=D379437#c,7,ok
D379438,Copper,23,23.0,parts per million by weight,AES_AZ_P,https://mrdata.usgs.gov/ngdb/sediment/show-ngdbsed.php?lab_id=D379438,8,ok
D379438,Zinc,58,58.0,parts per million by weight,AES_AZ_P,https://mrdata.usgs.gov/ngdb/sediment/show-ngdbsed.php?lab_id=D379438,8,ok
D379438,Arsenic,1.9,1.9,parts per million by weight,AES_AZ_P,https://mrdata.usgs.gov/ngdb/sediment/show-ngdbsed.php?lab_id=D379438,8,ok
D379438,Molybdenum,0.56,0.56,parts per million by weight,AES_AZ_P,https://mrdata.usgs.gov/ngdb/sediment/show-ngdbsed.php?lab_id=D379438,8,ok
D379438,Silver,0.11,0.11,parts per million by weight,AES_AZ_P,https://mrdata.usgs.gov/ngdb/sediment/show-ngdbsed.php?lab_id=D379438,8,ok
D379438,Cadmium,0.21,0.21,parts per million by weight,AES_AZ_P,https://mrdata.usgs.gov/ngdb/sediment/show-ngdbsed.php?lab_id=D379438,8,ok
D379438,Antimony,N1,1.0,parts per million by weight,AES_AZ_P,https://mrdata.usgs.gov/ngdb/sediment/show-ngdbsed.php?lab_id=D379438,8,ok
D379438,Tellurium,N0.05,0.05,parts per million by weight,AA_GF_HBr,https://mrdata.usgs.gov/ngdb/sediment/show-ngdbsed.php?lab_id=D379438,8,ok
D379438,Gold,N0.002,0.002,parts per million by weight,AA_GF_HBr,https://mrdata.usgs.gov/ngdb/sediment/show-ngdbsed.php?lab_id=D379438,8,ok
D379438,Gold,N0.15,0.15,parts per million by weight,AES_AZ_P,https://mrdata.usgs.gov/ngdb/sediment/show-ngdbsed.php?lab_id=D379438,8,ok
D379438,Lead,15,15.0,parts per million by weight,AES_AZ_P,https://mrdata.usgs.gov/ngdb/sediment/show-ngdbsed.php?lab_id=D379438,8,ok
D379438,Bismuth,N1,1.0,parts per million by weight,AES_AZ_P,https://mrdata.usgs.gov/ngdb/sediment/show-ngdbsed.php?lab_id=D379438,8,ok
D379438,Copper,23,23.0,parts per million by weight,AES_AZ_P,https://mrdata.usgs.gov/ngdb/sediment/show-ngdbsed.php?lab_id=D379438#b,8,ok
D379438,Zinc,58,58.0,parts per million by weight,AES_AZ_P,https://mrdata.usgs.gov/ngdb/sediment/show-ngdbsed.php?lab_id=D379438#b,8,ok
D379438,Arsenic,1.9,1.9,parts per million by weight,AES_AZ_P,https://mrdata.usgs.gov/ngdb/sediment/show-ngdbsed.php?lab_id=D379438#b,8,ok
D379438,Molybdenum,0.56,0.56,parts per million by weight,AES_AZ_P,https://mrdata.usgs.gov/ngdb/sediment/show-ngdbsed.php?lab_id=D379438#b,8,ok
D379438,Silver,0.11,0.11,parts per million by weight,AES_AZ_P,https://mrdata.usgs.gov/ngdb/sediment/show-ngdbsed.php?lab_id=D379438#b,8,ok
D379438,Cadmium,0.21,0.21,parts per million by weight,AES_AZ_P,https://mrdata.usgs.gov/ngdb/sediment/show-ngdbsed.php?lab_id=D379438#b,8,ok
D379438,Antimony,N1,1.0,parts per million by weight,AES_AZ_P,https://mrdata.usgs.gov/ngdb/sediment/show-ngdbsed.php?lab_id=D379438#b,8,ok
D379438,Tellurium,N0.05,0.05,parts per million by weight,AA_GF_HBr,https://mrdata.usgs.gov/ngdb/sediment/show-ngdbsed.php?lab_id=D379438#b,8,ok
D379438,Gold,N0.002,0.002,parts per million by weight,AA_GF_HBr,https://mrdata.usgs.gov/ngdb/sediment/show-ngdbsed.php?lab_id=D379438#b,8,ok
D379438,Gold,N0.15,0.15,parts per million by weight,AES_AZ_P,https://mrdata.usgs.gov/ngdb/sediment/show-ngdbsed.php?lab_id=D379438#b,8,ok
D379438,Lead,15,15.0,parts per million by weight,AES_AZ_P,https://mrdata.usgs.gov/ngdb/sediment/show-ngdbsed.php?lab_id=D379438#b,8,ok
D379438,Bismuth,N1,1.0,parts per million by weight,AES_AZ_P,https://mrdata.usgs.gov/ngdb/sediment/show-ngdbsed.php?lab_id=D379438#b,8,ok
D379438,Copper,23,23.0,parts per million by weight,AES_AZ_P,https://mrdata.usgs.gov/ngdb/sediment/show-ngdbsed.php?lab_id=D379438#c,8,ok
D379438,Zinc,58,58.0,parts per million by weight,AES_AZ_P,https://mrdata.usgs.gov/ngdb/sediment/show-ngdbsed.php?lab_id=D379438#c,8,ok
D379438,Arsenic,1.9,1.9,parts per million by weight,AES_AZ_P,https://mrdata.usgs.gov/ngdb/sediment/show-ngdbsed.php?lab_id=D379438#c,8,ok
D379438,Molybdenum,0.56,0.56,parts per million by weight,AES_AZ_P,https://mrdata.usgs.gov/ngdb/sediment/show-ngdbsed.php?lab_id=D379438#c,8,ok
D379438,Silver,0.11,0.11,parts per million by weight,AES_AZ_P,https://mrdata.usgs.gov/ngdb/sediment/show-ngdbsed.php?lab_id=D379438#c,8,ok
D379438,Cadmium,0.21,0.21,parts per million by weight,AES_AZ_P,https://mrdata.usgs.gov/ngdb/sediment/show-ngdbsed.php?lab_id=D379438#c,8,ok
D379438,Antimony,N1,1.0,parts per million by weight,AES_AZ_P,https://mrdata.usgs.gov/ngdb/sediment/show-ngdbsed.php?lab_id=D379438#c,8,ok
D379438,Tellurium,N0.05,0.05,parts per million by weight,AA_GF_HBr,https://mrdata.usgs.gov/ngdb/sediment/show-ngdbsed.php?lab_id=D379438#c,8,ok
D379438,Gold,N0.002,0.002,parts per million by weight,AA_GF_HBr,https://mrdata.usgs.gov/ngdb/sediment/show-ngdbsed.php?lab_id=D379438#c,8,ok
D379438,Gold,N0.15,0.15,parts per million by weight,AES_AZ_P,https://mrdata.usgs.gov/ngdb/sediment/show-ngdbsed.php?lab_id=D379438#c,8,ok
D379438,Lead,15,15.0,parts per million by weight,AES_AZ_P,https://mrdata.usgs.gov/ngdb/sediment/show-ngdbsed.php?lab_id=D379438#c,8,ok
D379438,Bismuth,N1,1.0,parts per million by weight,AES_AZ_P,https://mrdata.usgs.gov/ngdb/sediment/show-ngdbsed.php?lab_id=D379438#c,8,ok
D379439,Copper,22,22.0,parts per million by weight,AES_AZ_P,https://mrdata.usgs.gov/ngdb/sediment/show-ngdbsed.php?lab_id=D379439,9,ok
D379439,Zinc,50,50.0,parts per million by weight,AES_AZ_P,https://mrdata.usgs.gov/ngdb/sediment/show-ngdbsed.php?lab_id=D379439,9,ok
D379439,Arsenic,5,5.0,parts per million by weight,AES_AZ_P,https://mrdata.usgs.gov/ngdb/sediment/show-ngdbsed.php?lab_id=D379439,9,ok
D379439,Molybdenum,0.43,0.43,parts per million by weight,AES_AZ_P,https://mrdata.usgs.gov/ngdb/sediment/show-ngdbsed.php?lab_id=D379439,9,ok
D379439,Silver,0.11,0.11,parts per million by weight,AES_AZ_P,https://mrdata.usgs.gov/ngdb/sediment/show-ngdbsed.php?lab_id=D379439,9,ok
D379439,Cadmium,0.15,0.15,parts per million by weight,AES_AZ_P,https://mrdata.usgs.gov/ngdb/sediment/show-ngdbsed.php?lab_id=D379439,9,ok
D379439,Antimony,7.3,7.3,parts per million by weight,AES_AZ_P,https://mrdata.usgs.gov/ngdb/sediment/show-ngdbsed.php?lab_id=D379439,9,ok
D379439,Tellurium,N0.05,0.05,parts per million by weight,AA_GF_HBr,https://mrdata.usgs.gov/ngdb/sediment/show-ngdbsed.php?lab_id=D379439,9,ok
D379439,Gold,N0.002,0.002,parts per million by weight,AA_GF_HBr,https://mrdata.usgs.gov/ngdb/sediment/show-ngdbsed.php?lab_id=D379439,9,ok
D379439,Gold,N0.15,0.15,parts per million by weight,AES_AZ_P,https://mrdata.usgs.gov/ngdb/sediment/show-ngdbsed.php?lab_id=D379439,9,ok
D379439,Lead,15,15.0,parts per million by weight,AES_AZ_P,https://mrdata.usgs.gov/ngdb/sediment/show-ngdbsed.php?lab_id=D379439,9,ok
D379439,Bismuth,N1,1.0,parts per million by weight,AES_AZ_P,https://mrdata.usgs.gov/ngdb/sediment/show-ngdbsed.php?lab_id=D379439,9,ok
D379439,Copper,22,22.0,parts per million by weight,AES_AZ_P,https://mrdata.usgs.gov/ngdb/sediment/show-ngdbsed.php?lab_id=D379439#b,9,ok
D379439,Zinc,50,50.0,parts per million by weight,AES_AZ_P,https://mrdata.usgs.gov/ngdb/sediment/show-ngdbsed.php?lab_id=D379439#b,9,ok
D379439,Arsenic,5,5.0,parts per million by weight,AES_AZ_P,https://mrdata.usgs.gov/ngdb/sediment/show-ngdbsed.php?lab_id=D379439#b,9,ok
D379439,Molybdenum,0.43,0.43,parts per million by weight,AES_AZ_P,https://mrdata.usgs.gov/ngdb/sediment/show-ngdbsed.php?lab_id=D379439#b,9,ok
D379439,Silver,0.11,0.11,parts per million by weight,AES_AZ_P,https://mrdata.usgs.gov/ngdb/sediment/show-ngdbsed.php?lab_id=D379439#b,9,ok
D379439,Cadmium,0.15,0.15,parts per million by weight,AES_AZ_P,https://mrdata.usgs.gov/ngdb/sediment/show-ngdbsed.php?lab_id=D379439#b,9,ok
D379439,Antimony,7.3,7.3,parts per million by weight,AES_AZ_P,https://mrdata.usgs.gov/ngdb/sediment/show-ngdbsed.php?lab_id=D379439#b,9,ok
D379439,Tellurium,N0.05,0.05,parts per million by weight,AA_GF_HBr,https://mrdata.usgs.gov/ngdb/sediment/show-ngdbsed.php?lab_id=D379439#b,9,ok
D379439,Gold,N0.002,0.002,parts per million by weight,AA_GF_HBr,https://mrdata.usgs.gov/ngdb/sediment/show-ngdbsed.php?lab_id=D379439#b,9,ok
D379439,Gold,N0.15,0.15,parts per million by weight,AES_AZ_P,https://mrdata.usgs.gov/ngdb/sediment/show-ngdbsed.php?lab_id=D379439#b,9,ok
D379439,Lead,15,15.0,parts per million by weight,AES_AZ_P,https://mrdata.usgs.gov/ngdb/sediment/show-ngdbsed.php?lab_id=D379439#b,9,ok
D379439,Bismuth,N1,1.0,parts per million by weight,AES_AZ_P,https://mrdata.usgs.gov/ngdb/sediment/show-ngdbsed.php?lab_id=D379439#b,9,ok
D379439,Copper,22,22.0,parts per million by weight,AES_AZ_P,https://mrdata.usgs.gov/ngdb/sediment/show-ngdbsed.php?lab_id=D379439#c,9,ok
D379439,Zinc,50,50.0,parts per million by weight,AES_AZ_P,https://mrdata.usgs.gov/ngdb/sediment/show-ngdbsed.php?lab_id=D379439#c,9,ok
D379439,Arsenic,5,5.0,parts per million by weight,AES_AZ_P,https://mrdata.usgs.gov/ngdb/sediment/show-ngdbsed.php?lab_id=D379439#c,9,ok
D379439,Molybdenum,0.43,0.43,parts per million by weight,AES_AZ_P,https://mrdata.usgs.gov/ngdb/sediment/show-ngdbsed.php?lab_id=D379439#c,9,ok
D379439,Silver,0.11,0.11,parts per million by weight,AES_AZ_P,https://mrdata.usgs.gov/ngdb/sediment/show-ngdbsed.php?lab_id=D379439#c,9,ok
D379439,Cadmium,0.15,0.15,parts per million by weight,AES_AZ_P,https://mrdata.usgs.gov/ngdb/sediment/show-ngdbsed.php?lab_id=D379439#c,9,ok
D379439,Antimony,7.3,7.3,parts per million by weight,AES_AZ_P,https://mrdata.usgs.gov/ngdb/sediment/show-ngdbsed.php?lab_id=D379439#c,9,ok
D379439,Tellurium,N0.05,0.05,parts per million by weight,AA_GF_HBr,https://mrdata.usgs.gov/ngdb/sediment/show-ngdbsed.php?lab_id=D379439#c,9,ok
D379439,Gold,N0.002,0.002,parts per million by weight,AA_GF_HBr,https://mrdata.usgs.gov/ngdb/sediment/show-ngdbsed.php?lab_id=D379439#c,9,ok
D379439,Gold,N0.15,0.15,parts per million by weight,AES_AZ_P,https://mrdata.usgs.gov/ngdb/sediment/show-ngdbsed.php?lab_id=D379439#c,9,ok
D379439,Lead,15,15.0,parts per million by weight,AES_AZ_P,https://mrdata.usgs.gov/ngdb/sediment/show-ngdbsed.php?lab_id=D379439#c,9,ok
D379439,Bismuth,N1,1.0,parts per million by weight,AES_AZ_P,https://mrdata.usgs.gov/ngdb/sediment/show-ngdbsed.php?lab_id=D379439#c,9,ok
